Herat,+93-40
Jalalabad,+93-60
Kabul,+93-20
Kandahar,+93-30
Mazar-E-Sherif,+93-50
Mobile Phones,+93-70
Babicë,+355-394
Bajram Curri,+355-213
Bajzë,+355-211
Ballsh,+355-313
Berat,+355-32
Bilisht,+355-811
Bulqizë,+355-219
Burrel,+355-217
Cakran,+355-387
Çërrik,+355-581
Çorovodë,+355-312
Delvinë,+355-815
Divjakë,+355-371
Durrës,+355-52
Elbasan,+355-545
Ersekë,+355-812
Fier,+355-34
Fushë-Krujë,+355-563
Gjirokastër,+355-84
Gramsh,+355-513
Himarë,+355-393
Kavajë,+355-554
Koplik,+355-211
Korçë,+355-82
Krujë,+355-511
Krumë,+355-214
Ksamil,+355-893
Kuçovë,+355-311
Kukës,+355-242
Laç,+355-53
Levan,+355-388
Lezhë,+355-215
Libohovë,+355-881
Librazhd,+355-514
Lushnjë,+355-35
Maliq,+355-861
Mamurras,+355-561
Memaliaj,+355-885
Mobile,+355-68
Orikum,+355-391
Patos,+355-342
Peqin,+355-512
Përmet,+355-813
Përrenjas,+355-591
Peshkopi,+355-218
Pogradec,+355-832
Poliçan,+355-368
Pukë,+355-212
Rrëshen,+355-216
Rrogozhinë,+355-577
Sarandë,+355-852
Selenicë,+355-392
Shijak,+355-571
Shkodër,+355-22
Tepelenë,+355-814
Tiranë,+355-4
Tropojë,+355-213
Ura Vajgurore,+355-361
Vlorë,+355-33
Vodafone,+355-69
Adrar,+213-49
Ain Defla,+213-27
Ain Temouchent,+213-43
Alger,+213-21
Annaba,+213-38
Batna,+213-33
Bechar,+213-49
Bejaia,+213-34
Biskra,+213-33
Blida,+213-25
Bordj Bou Arreridj,+213-35
Bouira,+213-26
Boumerdes,+213-24
Chlef,+213-27
Constantine,+213-31
Djelfa,+213-27
El Bayadh,+213-49
El Oued,+213-32
El Tarf,+213-38
Ghardaia,+213-29
Guelma,+213-37
Illizi,+213-29
Jijel,+213-34
Khenchela,+213-32
Laghouat,+213-29
M’sila,+213-35
Mascara,+213-45
Medea,+213-25
Mila,+213-31
Mobile Phones,+213-61
Mostaganem,+213-45
Naama,+213-49
Oran,+213-41
Ouargla,+213-29
Oum El Bouaghi,+213-32
Relizane,+213-46
Saida,+213-48
Setif,+213-36
Sidi Bel Abbes,+213-48
Skikda,+213-38
Souk Ahras,+213-37
Tamenrasset,+213-29
Tebessa,+213-37
Tiaret,+213-46
Tindouf,+213-49
Tipaza,+213-24
Tissemsilt,+213-46
Tizi Ouzou,+213-26
Tlemcen,+213-43
,American Samoa does not use city codes.
Andorra la Vella,+376-7+376-8
Canilo,+376-7+376-8
Encamp,+376-7+376-8
La Massana,+376-7+376-8
Mobile Phones,+376-3
Ordino,+376-7+376-8
Sant Julia de Loria,+376-7+376-8
Baia Farta,+244-72
Bela Vista,+244-72
Benguela,+244-72
Cabinda,+244-31
Catete,+244-34
Catumbela,+244-72
Caxito,+244-34
Cubal,+244-72
Cunene,+244-65
Dombe Grande,+244-72
Ganda,+244-72
Huambo,+244-41
Huila,+244-61
Kuito,+244-48
Lobito,+244-72
Luanda,+244-2
Lubango,+244-61
Lucapa,+244-52
Luena,+244-54
Malange,+244-51
Menongue,+244-49
Mobile Phones - Angola Telecom,+244-91
Mobile Phones - Unitel,+244-92
Namibe,+244-64
Ndalatando,+244-35
Ondjiva,+244-65
Saurimo,+244-53
Sumbe,+244-36
Tombwa,+244-64
Uíge,+244-33
Xangongo,+244-65
,Anguilla does not use city codes.
Casey Base,+672-12
Davis Base,+672-10
Macquarie Base,+672-13
Mawson Base,+672-11
,Antigua and Barbuda do not use city codes.
Bahia Blanca,+54-291
Buenos Aires,+54-11
Catamarca,+54-3833
Comodoro Rivadavia,+54-297
Concordia,+54-345
Cordoba,+54-351
Corrientes,+54-3783
Formosa,+54-3717
Jesus Maria,+54-3525
La Plata,+54-221
La Rioja,+54-3822
Mar del Plata,+54-223
Mendoza,+54-261
Mercedes/Prov. B.A.,+54-2324
Neuquen,+54-299
Parana,+54-343
Posadas,+54-3752
Resistencia,+54-3722
Rio Cuarto,+54-358
Rosario,+54-341
Salta,+54-387
San Juan,+54-264
San Luis,+54-2652
San Nicolas,+54-3461
San Rafael,+54-2627
Santa Fe,+54-342
Santiago del Estero,+54-385
Santo Tome,+54-3756
Tandil,+54-2293
Trelew,+54-2965
Tucumán,+54-381
Villa Maria,+54-531
Abovian,+374-22
Akhurian,+374-43
Alapars,+374-23
Alaverdi,+374-53
Amasia,+374-46
Aparan,+374-52
Arapi,+374-43
Ararat,+374-38
Argel,+374-24
Armavir,+374-37
Artashat,+374-35
Artik,+374-44
Ashotsk,+374-45
Ashtarak,+374-32
Baghramian,+374-33
Bjni,+374-23
Chambarak,+374-65
Charentsavan,+374-26
Dalarik,+374-33
Dzoraget,+374-51
Echmiadzin,+374-31
Eghegnut,+374-51
Eghvard,+374-24
Gavar,+374-64
Goris,+374-84
Gyumri,+374-41
Hoktember,+374-37
Hrazdan,+374-23
Ijevan,+374-63
Jermuk,+374-87
Kadjaran,+374-85
Kamo,+374-43
Kapan,+374-85
Karakerd,+374-33
Khndzoresk,+374-84
Koghb,+374-66
Lermontov,+374-51
Maralik,+374-42
Margahovit,+374-51
Martuni,+374-62
Masis,+374-36
Meghradzor,+374-23
Meghri,+374-86
Metsamor,+374-37
Miasnikian,+374-33
Mobile,+374-9
Nor Gekhi,+374-24
Nor Hajn,+374-24
Noyemberian,+374-66
Pambak,+374-51
Pernzashen,+374-44
Piunik,+374-23
Proshyan,+374-24
Ptghni,+374-22
Sarnakhpyur,+374-42
Sarukhan,+374-64
Sevan,+374-61
Shirakavan,+374-42
Sisian,+374-83
Solak,+374-23
Spitak,+374-55
Stepanavan,+374-56
Talin,+374-49
Tashir,+374-54
Tsaghkahovit,+374-57
Tsakhkadzor,+374-23
Vahagni,+374-51
Vanadzor,+374-51
Vardenis,+374-69
Vayk,+374-82
Vedi,+374-34
Verishen,+374-84
Yeghegnadzor,+374-81
Yerevan,+374-10
Zovuni,+374-24
Zvartnots,+374-31
,Aruba does not use city codes.
Casey,+61-12
Central East Region,+61-2
Central West Region,+61-8
Davis,+61-10
Macquarie Island,+61-13
Mawson,+61-11
Mobile Phones,+61-4
North East Region,+61-7
South East Region,+61-3
Bludenz,+43-5552
Graz,+43-316
Innsbruck,+43-512
Kitzbuhel,+43-5356
Klagenfurt,+43-463
Krems An Der Donau,+43-2732
Leoben,+43-3842
Linz Donau,+43-732
Mobile Phones - A1,+43-664
Mobile Phones - Drei,+43-660
Mobile Phones - Max,+43-676
Mobile Phones - One,+43-699
Mobile Phones - Telering,+43-650
Neunkirchen Niederosterreich,+43-2635
Salzburg,+43-662
St. Polten,+43-2742
Vienna (Wien),+43-1
Villach,+43-4242
Wels,+43-7242
Wiener Neustadt,+43-2622
Wolfsberg,+43-4352
Agdam,+994-192
Agdash,+994-193
Agdjabedi,+994-113
Agstafa,+994-244
Agsu,+994-198
Ali-Bayramli,+994-197
Astara,+994-195
Baku,+994-12
Balaken,+994-119
Barda,+994-110
Beylagan,+994-152
Bilesuvar,+994-159
Dashkesan,+994-216
Devechi,+994-115
Djalilabad,+994-114
Eizuli,+994-141
Gabala,+994-160
Gakh,+994-144
Gazakh,+994-279
Geokchay,+994-167
Geranboy,+994-234
Gobustan,+994-150
Guba,+994-169
Gyandia,+994-22
Hachmaz,+994-172
Hadjigabul,+994-140
Hanlar,+994-230
Hizi,+994-199
Imishli,+994-154
Ismayilli,+994-178
Kedabek,+994-232
Kusari,+994-138
Kyurdamir,+994-145
Lenkaran,+994-171
Lerik,+994-157
Masalli,+994-151
Mingechevir,+994-147
Mobile Phones - Azercell,+994-50
Mobile Phones - Bakcell (GSM 9,+994-55
Naftalan,+994-255
Nahichevan,+994-136
Neftechala,+994-153
Oguz,+994-111
Saatli,+994-168
Sabirabad,+994-143
Salyan,+994-163
Samukh,+994-265
Shamaha,+994-176
Shamkir,+994-241
Sheki,+994-177
Siyazan,+994-190
Sumgayit,+994-164
Ter-Ter,+994-246
Tovuz,+994-231
Udjar,+994-170
Yardimli,+994-175
Yevlakh,+994-166
Zagatala,+994-174
Zardab,+994-135
Coopers Town,+1-242
Freeport,+1-242
Nassau,+1-242
West End,+1-242
,Bahrain does not use city codes.
Alamdanga,+880-7622
Ashugonj,+880-8528
Avaynagar (Noapara),+880-4222
Badargonj,+880-5222
Bagerhat,+880-468
Banaripara,+880-4332
Bandarban,+880-361
Banshkhali,+880-3037
Barguna,+880-448
Barisal,+880-431
Bauphal,+880-4422
Bazitpur,+880-9423
Bhairab,+880-9424
Bhandaria,+880-4623
Bheramara,+880-7022
Bhola,+880-491
Bogra,+880-51
Brahmanbaria,+880-851
Chandpur,+880-841
Chandraghona (Kaptai),+880-3529
Chaudagram,+880-8034
Chhatak,+880-8723
Chittagong,+880-31
Chuadanga,+880-761
Comilla,+880-81
Companigon (Bashurhat),+880-3223
Cox's Bazar,+880-341
Daudkandi,+880-8023
Daulatpur,+880-7023
Dhaka,+880-2
Dinajpur,+880-531
Faridpur,+880-631
Feni,+880-331
Fulbari,+880-5327
Gaibandha,+880-541
Galachipa,+880-4424
Gazipur,+880-681
Ghatail,+880-9225
Goalanda,+880-6423
Gopalgonj,+880-423
Hajigonj,+880-8424
Hatiya (Oshkhali),+880-3224
Hobigonj,+880-831
Ishwardi,+880-732
Jamalpur,+880-981
Jessore,+880-421
Jhalokathhi,+880-498
Jhenaidah,+880-451
Jhikargacha,+880-4225
Joypurhat,+880-571
Kalaroa,+880-4724
Kanaighat,+880-8233
Khagrachhari,+880-371
Khepupara,+880-4425
Khulna,+880-41
Kishoregonj,+880-941
Kurigram,+880-581
Kustia,+880-71
Laksham (Daulatgonj),+880-8032
Lakshmipur,+880-381
Lalmonirhat,+880-591
Madaripur,+880-661
Magura,+880-488
Manikgonj,+880-651
Mathabdi,+880-6257
Meherpur,+880-791
Mithamain,+880-9435
Mohanganj,+880-9524
Moheshkhali,+880-3424
Mongla,+880-402
Mongla New Port,+880-4662
Moulavibazar,+880-861
Muktagacha,+880-9028
Muladi,+880-4326
Munshigonj,+880-691
Mymensingh,+880-91
Nabinagar,+880-8525
Nagarpur,+880-9233
Naogaon,+880-741
Narail,+880-481
Narsingdi,+880-628
Natore,+880-771
Nawabgonj (Chapai),+880-781
Netrokona,+880-951
Nilphamari,+880-551
Noakhali,+880-321
Pabna,+880-731
Paikgacha,+880-4027
Palash (Ghorashal),+880-6254
Panchagar,+880-568
Parbatipur,+880-5334
Patuakhali,+880-441
Perojpur,+880-461
Plulpur,+880-9033
Potiya,+880-3035
Rajbari,+880-641
Rajshahi,+880-721
Ramgoti (Char Alexander),+880-3823
Rangamati,+880-351
Rangpur,+880-521
Saidpur,+880-5526
Sarsha (Benapol),+880-4228
Satkania,+880-3036
Satkhira,+880-471
Savar,+880-2
Shariatpur,+880-601
Sherpur,+880-931
Shibganj,+880-5033
Sirajgonj,+880-751
Sitakundu (Barabkundu),+880-3028
Srimangol,+880-8626
Sunamgonj,+880-871
Syedpur,+880-552
Sylhet,+880-821
Taherpur,+880-8732
Tangail,+880-921
Thakurgaon,+880-561
Ukhia,+880-3427
,Barbados does not use city codes.
Brest Oblast,+375-16
Brest Oblast - Baranovichi,+375-163
Brest Oblast - Bereza,+375-1643
Brest Oblast - Brest,+375-162
Brest Oblast - Drogichin,+375-1644
Brest Oblast - Gancevichi,+375-1646
Brest Oblast - Ivanovo,+375-1652
Brest Oblast - Ivatsevichi,+375-1645
Brest Oblast - Kamenets,+375-1631
Brest Oblast - Kobrin,+375-1642
Brest Oblast - Luninets,+375-1647
Brest Oblast - Lyahovichi,+375-1633
Brest Oblast - Malorita,+375-1651
Brest Oblast - Pinsk,+375-165
Brest Oblast - Pruzhanu,+375-1632
Brest Oblast - Stolin,+375-1655
Brest Oblast - Zhabinka,+375-1641
Gomel Oblast - Bragin,+375-2344
Gomel Oblast - Buda-Koshelevo,+375-2336
Gomel Oblast - Chechersk,+375-2332
Gomel Oblast - Dobrush,+375-2333
Gomel Oblast - Elsk,+375-2354
Gomel Oblast - Gomel,+375-2322
Gomel Oblast - Hoyniki,+375-2346
Gomel Oblast - Kalinkovichi,+375-2345
Gomel Oblast - Korma,+375-2337
Gomel Oblast - Lelchitsu,+375-2356
Gomel Oblast - Loev,+375-2347
Gomel Oblast - Mozur,+375-2351
Gomel Oblast - Narovlya,+375-2355
Gomel Oblast - Oktyabrski,+375-2357
Gomel Oblast - Petrikov,+375-2350
Gomel Oblast - Rechitsa,+375-2340
Gomel Oblast - Rogachev,+375-2339
Gomel Oblast - Svetlogorsk,+375-2342
Gomel Oblast - Vetka,+375-2330
Gomel Oblast - Zhitkovichi,+375-2353
Gomel Oblast - Zhlobin,+375-2334
Grodno Oblast - Berestovitsa,+375-1511
Grodno Oblast - Dyatlovo,+375-1563
Grodno Oblast - Grodno,+375-152+375-1522
Grodno Oblast - Ivye,+375-1595
Grodno Oblast - Korelichi,+375-1596
Grodno Oblast - Lida,+375-1561
Grodno Oblast - Mostu,+375-1515
Grodno Oblast - Nobogrudok,+375-1597
Grodno Oblast - Oshmyanu,+375-1593
Grodno Oblast - Ostrovets,+375-1591
Grodno Oblast - Shchuchin,+375-1514
Grodno Oblast - Slonim,+375-1562
Grodno Oblast - Smorgon,+375-1592
Grodno Oblast - Svisloch,+375-1513
Grodno Oblast - Volkovusk,+375-1512
Grodno Oblast - Voronovo,+375-1594
Grodno Oblast - Zelva,+375-1564
Minsk Oblast - Berezino,+375-1715
Minsk Oblast - Borisov,+375-1777
Minsk Oblast - Cherven,+375-1714
Minsk Oblast - Dzerzhinsk,+375-1716
Minsk Oblast - Kletsk,+375-1793
Minsk Oblast - Kopul,+375-1719
Minsk Oblast - Krupki,+375-1796
Minsk Oblast - Logoysk,+375-1774
Minsk Oblast - Lyuban,+375-1794
Minsk Oblast - Maryina Gorka,+375-1713
Minsk Oblast - Minsk,+375-17
Minsk Oblast - Molodechno,+375-1773
Minsk Oblast - Myadel,+375-1797
Minsk Oblast - Naroch,+375-1797
Minsk Oblast - Nesvizh,+375-1770
Minsk Oblast - Pleshchenitsu,+375-1779
Minsk Oblast - Puhovichi,+375-1713
Minsk Oblast - Slutsk,+375-1795
Minsk Oblast - Smolevichi,+375-1776
Minsk Oblast - Soligorsk,+375-1710
Minsk Oblast - Starye Dorogi,+375-1792
Minsk Oblast - Stolbtsu,+375-1717
Minsk Oblast - Uzda,+375-1718
Minsk Oblast - Vileyka,+375-1771
Minsk Oblast - Volozhin,+375-1772
Minsk Oblast - Zhodino,+375-1775
Mogilev Oblast - Belunichi,+375-2232
Mogilev Oblast - Bobruysk,+375-225+375-2251
Mogilev Oblast - Buhov,+375-2231
Mogilev Oblast - Chausu,+375-2242
Mogilev Oblast - Cherikov,+375-2243
Mogilev Oblast - Dribin,+375-2248
Mogilev Oblast - Glusk,+375-2230
Mogilev Oblast - Gorki,+375-2233
Mogilev Oblast - Hotimsk,+375-2247
Mogilev Oblast - Kirovsk,+375-2237
Mogilev Oblast - Klichev,+375-2236
Mogilev Oblast - Klimovichi,+375-2244
Mogilev Oblast - Kostyukovichi,+375-2245
Mogilev Oblast - Krasnopolye,+375-2238
Mogilev Oblast - Krichev,+375-2241
Mogilev Oblast - Krugloye,+375-2234
Mogilev Oblast - Mogilev,+375-222
Mogilev Oblast - Mstislavl,+375-2240
Mogilev Oblast - Osipovichi,+375-2235
Mogilev Oblast - Shklov,+375-2239
Mogilev Oblast - Slavgorod,+375-2246
Region Codes - Gomel Oblast,+375-23
Region Codes - Grodno Oblast,+375-15
Region Codes - Minsk Oblast,+375-17
Region Codes - Mogilev Oblast,+375-22
Region Codes - Vitebsk Oblast,+375-21
Vitebsk Oblast - Beshenkovichi,+375-2131
Vitebsk Oblast - Braslav,+375-2153
Vitebsk Oblast - Chashniki,+375-2133
Vitebsk Oblast - Dokshitsu,+375-2157
Vitebsk Oblast - Dubrova,+375-2137
Vitebsk Oblast - Glubokoye,+375-2156
Vitebsk Oblast - Gorodok,+375-2139
Vitebsk Oblast - Lepel,+375-2132
Vitebsk Oblast - Liozno,+375-2138
Vitebsk Oblast - Mioru,+375-2152
Vitebsk Oblast - Novopolotsk,+375-214
Vitebsk Oblast - Orsha,+375-2161
Vitebsk Oblast - Polotsk,+375-214
Vitebsk Oblast - Postavu,+375-2155
Vitebsk Oblast - Rossonu,+375-2159
Vitebsk Oblast - Senno,+375-2135
Vitebsk Oblast - Sharkovshchin,+375-2154
Vitebsk Oblast - Shumilino,+375-2130
Vitebsk Oblast - Tolochin,+375-2136
Vitebsk Oblast - Ushachi,+375-2158
Vitebsk Oblast - Verhnedvinsk,+375-2151
Vitebsk Oblast - Vitebsk,+375-212
Aalst (Alost),+32-53
"Antwerpen (Anvers) ""Antwerp""",+32-3
Arlon,+32-63
Ath,+32-67
Brugge (Bruges),+32-50
"Brussel/Bruxelles ""Brussels""",+32-2
Charleroi,+32-71
Chimay,+32-60
Ciney,+32-83
Dendermonde,+32-52
Diest,+32-13
Dinant,+32-82
Durbuy,+32-86
Genk,+32-89
"Gent (Gand) ""Ghent""",+32-9
Hasselt,+32-11
Herentals,+32-14
Huy (Hoei),+32-85
La Louvière,+32-64
Leuven (Louvain),+32-16
Libramont,+32-61
Liège (Luik),+32-4
Mechelen (Malines),+32-15
Mobile Phones - Base,+32-485+32-486
Mobile Phones - Mobistar,+32-495+32-496+32-49
Mobile Phones - Proximus,+32-472+32-473+32-47
Mons (Bergen),+32-65
Namur (Namen),+32-81
Nieuwpoort (Nieuport),+32-58
Ninove,+32-54
Nivelles (Nijvel),+32-67
"Oostende (Ostende) ""Ostend""",+32-59
Roeselare (Roulers),+32-51
Ronse,+32-55
Stavelot,+32-80
Tongeren (Tongres),+32-12
Tounai,+32-69
Turnhout,+32-14
Verviers,+32-87
Veurne,+32-58
Wareme,+32-19
Wavre (Waver),+32-10
Zeebrugge,+32-50
Belize City,+501-2
Benque Viejo,+501-93
Cayo,+501-9
Corozal,+501-4
Dangriga,+501-5
Independence,+501-6
Orange Walk,+501-3
Punta Gorda,+501-7
Stann Creek,+501-5
Toledo,+501-7
Alibori,+229-23
Atlantique,+229-21
Collines,+229-22
Ouémé,+229-20
,Bermuda does not use city codes.
Bangtar DAMA,+975-7
Basochu,+975-2
Chapcha,+975-8
Chargary,+975-5
Chumey,+975-3
Dagana,+975-6
Dagapela,+975-6
Daifam DAMA,+975-7
Damphu DAMA,+975-6
Dechencholing,+975-2
Deothang,+975-7
Drujegang,+975-6
Drukgyel Dzong,+975-8
Gasa,+975-2
Gedu/Tala/Padechu/ Sinchekha,+975-5
Gelephu,+975-6
Gelpoyshing,+975-4
Gomtu,+975-5
Ha,+975-8
Ha (Damthang),+975-8
Jakar,+975-3
Kanglung,+975-4
Khaling,+975-4
Kharsadrapchu,+975-2
Lhamoi Zingkha,+975-5
Lhuntse,+975-4
Lingshi DAMA,+975-2
Lodrai,+975-6
Mobile Phones,+975-17
Mongar,+975-4
Nganglam,+975-7
Nganglam DAMA,+975-7
P/Gatshel,+975-7
P/Gatshel DAMA,+975-7
Panbang DAMA,+975-6
Paro,+975-8
Pasakha,+975-5
Phuntsholing,+975-5
Punakha,+975-2
Rangjung,+975-4
S/Jongkhar,+975-7
Sakteng DAMA,+975-4
Samtse,+975-5
Sarpang,+975-6
Shaba,+975-8
Sibsoo,+975-5
Simtokha,+975-2
Suray,+975-6
Taba,+975-2
Tangmachu,+975-4
Thimphu,+975-2
Tingtibi,+975-3
Trashi Yangtse,+975-4
Trashigang,+975-4
Trongsa,+975-3
Tsenkharla,+975-4
Tsimasham,+975-8
Tsirang (Damphu),+975-6
Wamrong,+975-4
Wangdue,+975-2
Wangkha,+975-8
Zhemgang,+975-3
Zhemgang DAMA,+975-3
Bermejo,+591-4
Caranavi,+591-2
Cobija,+591-3
Cochabamba,+591-4
Guayaramerín,+591-3
La Paz,+591-2
Mobile Phones - Entel (GSM 190,+591-720+591-721+591-72
Mobile Phones - Entel (TDMA),+591-710+591-711+591-71
Mobile Phones - Telecel,+591-770+591-771+591-77
Mobile Phones - Viva,+591-706+591-707+591-70
Oruro,+591-2
Potosi,+591-2
Riberalta,+591-3
Santa Ana,+591-3
Santa Cruz,+591-3
Sucre,+591-4
Tarija,+591-4
Trinidad,+591-3
Villazón,+591-2
Yacuiba,+591-4
Banja Luka,+387-51
Bijeljina,+387-55
Bosansko - Podrinjska Županija,+387-38
Distrikt Brcko,+387-49
Doboj,+387-53
Foca/Srbinje,+387-58
Herceg,+387-34
Hercegovac,+387-36
Kanton Sarajevo,+387-33
Mobile Phones - BH Telecom,+387-61+387-62
Mobile Phones - Eronet,+387-63
Mobile Phones - Moblna Skpske,+387-65
Mrkonjic' Grad,+387-50
Posavska Županija,+387-31
Prijedor,+387-52
Šamac,+387-54
Sarajevska Županija,+387-33
Srbinje,+387-58
Srednjo,+387-30
Srpsko Sarajevo,+387-57
Trebinje,+387-59
Tuzlanska Županija,+387-35
Unsko,+387-37
Zapadno,+387-39
Zenic,+387-32
Zvornik,+387-56
Barolong/Ngwaketse,+267-54
Francistown,+267-24
Gaborone,+267-31+267-35+267-36
Gantsi,+267-65
Jwaneng,+267-58
Kanye,+267-340
Kasane,+267-62
Letlhakane/Orapa,+267-29
Lobatse,+267-53
Mahalapye,+267-47
Maun,+267-68
Mobile Phones - Mascom,+267-71
Mobile Phones - Orange,+267-72
Mochudi,+267-57
Molepolole,+267-59
Palapye,+267-49
Ramotswa,+267-53
Selebi-Phikwe,+267-26
Serowe,+267-46
Belém,+55-91
Belo Horizonte,+55-31
Blumenau,+55-47
Brasília,+55-61
Campinas,+55-19
Curitiba,+55-41
Florianópolis,+55-48
Fortaleza,+55-85
Goiania,+55-62
Macáe,+55-24
Manaus,+55-92
Niteroi,+55-21
Porto Alegre,+55-51
Recife,+55-81
Rio de Janeiro,+55-21
Roraima,+55-95
Salvador,+55-71
Santo Andre,+55-11
Santos,+55-13
São José dos Campos,+55-12
São Paulo,+55-11
Vitória,+55-27
,The British Indian Ocean Territory does not use city codes.
,The British Virgin Islands do not use city codes.
Brunei/Muara,+673-2
Kuala Belait,+673-3
MOBILE PHONES,	868788
Temburong,+673-5
Tutong,+673-4
Blagoevgrad,+359-73
Bourgas,+359-56
Dobritch,+359-58
Gabrovo,+359-66
Gotse Delchev,+359-751
Haskovo,+359-38
Kardjali,+359-361
Kazanluk,+359-431
Kjustendil,+359-78
Lovetch,+359-68
Mobile Phones - Globul,+359-89
Mobile Phones - Mtel,+359-88
Mobile Phones - Vivacom,+359-87
Montana,+359-96
Pazardjik,+359-34
Pernik,+359-76
Pleven,+359-64
Plovdiv,+359-32
Razgrad,+359-84
Rousse,+359-82
Shoumen,+359-54
Silistra,+359-86
Sliven,+359-44
Smolyan,+359-301
Sofia,+359-2
Stara Zagora,+359-42
Targovishte,+359-601
Varna,+359-52
Veliko Tarnovo,+359-62
Vidin,+359-94
Vratsa,+359-92
Yambol,+359-46
Banfora,+226-88XXXX
Dédougou,+226-52XXXX
Diébougou,+226-86XXXX
Dori,+226-66XXXX
Fada,+226-77XXXX
Gaoua,+226-87XXXX
Kantchari,+226-79XXXX
Kaya,+226-45XXXX+226-49XXXX
Koudougou,+226-44XXXX
Koupéla,+226-70XXXX
Orodara,+226-96XXXX
Ouagadougou,+226-30XXXX – 38XXXX
Ouahigouya,+226-55XXXX+226-56XXXX
Tenkodogo,+226-71XXXX
Tougan,+226-53XXXX+226-54XXXX
,Burundi does not use city codes.
Banteay Meanchey,+855-54
Battambang,+855-53
Kampong Cham,+855-42
Kampong Chhnang,+855-26
Kampong Speu,+855-25
Kampong Thom,+855-62
Kampot,+855-33
Kandal,+855-24
Kep,+855-36
Koh Kong,+855-35
Kratie,+855-72
Mobile Phones - CamGSM,+855-12
Mobile Phones - Camshin,+855-11
Mobile Phones - Camtel AMPS,+855-18
Mobile Phones - Casacom,+855-15+855-16
Mondolkiri,+855-73
Pailin,+855-55
Phnom Penh,+855-23
Preah Vihear,+855-64
Prey Veng,+855-43
Pursat,+855-52
Ratanakiri,+855-75
Siem Riep,+855-63
Sihanoukville,+855-34
Stung Treng,+855-74
Svay Rieng,+855-44
Takeo,+855-32
Udar Meanchey,+855-65
,Cameroon does not use city codes.
Alberta,+1-587
Calgary,+1-587
Calgary,+1-403
Edmonton,+1-780
Gatineau,+1-819
Halifax,+1-902
London,+1-226
London,+1-519
Mississauga,+1-289
Mississauga,+1-905
Montreal,+1-438
Montreal,+1-514
Ottawa,+1-343
Ottawa,+1-613
Quebec City,+1-418
Quebec City,+1-581
Saskatoon,+1-306
Sault Ste. Marie,+1-705
Sault Ste. Marie,+1-249
Specialized Telecom Services,+1-600
St. John,+1-506
St. John's,+1-709
Terrebone,+1-450
Terrebone,+1-579
Thunber Bay,+1-807
Toronto,+1-647
Toronto,+1-416
Vancouver,+1-236
Vancouver,+1-778
Vancouver,+1-604
Victoria,+1-250
Winnipeg,+1-204
Yellowknife,+1-867
,Cape Verde does not use city codes.
,The Cayman Islands do not use city codes.
,The Central African Republic does not use city codes.
Moudou,+235-69 plus four-digit n
N'djamena,+235-51 plus four-digit n 
Antofagasta,+56-55
Arica,+56-58
Calama,+56-55
Chillán,+56-42
Concepción,+56-41
Copiacó,+56-52
Coquimbo,+56-51
Coyhaique,+56-67
Curicó,+56-75
Iquique,+56-57
La Serena,+56-51
Linares,+56-73
Los Andes,+56-34
Los Angeles,+56-43
Osorno,+56-64
Ovalle,+56-53
Puerto Montt,+56-65
Punta Arenas,+56-61
Quillota,+56-33
Rancagua,+56-72
San Antonio,+56-35
San Felipe,+56-34
San Fernando,+56-72
Santiago (Metropolitan Region),+56-2
Talca,+56-71
Talcahuano,+56-41
Temuco,+56-45
Valdivia,+56-63
Valparaíso,+56-32
Viña del Mar,+56-32
Akesu - Xinjiang,+86-997
Ankang - Shaanxi,+86-915
Anqing - Anhui,+86-556
Anqiu - Shandong,+86-5467
Anshun - Guizhou,+86-853
Antu - Jilin,+86-4434
Anxi - Gansu,+86-9472
Anyang - Henan,+86-372
Atushi - Xinjiang,+86-9081
Baicheng - Jilin,+86-436
Baise - Guangxi,+86-776
Bama - Guangxi,+86-7808
Baodin - Hebei,+86-312
Baoji - Shaanxi,+86-917
Baotou - Nei Mongol,+86-472
Bazhong - Sichuan,+86-8279
Beihai - Guangxi,+86-779
Beijing - Beijing,+86-10
Beipiao - Liaoning,+86-421
Bengbu - Anhui,+86-552
Benxi - Liaoning,+86-414
Bole - Xinjiang,+86-9093
Cangwu - Guangxi,+86-774
Chang-an - Shaanxi,+86-29
Changbai - Jilin,+86-4458
Changchun - Jilin,+86-431
Changde - Hunan,+86-736
Changdu - Xizang (Tibet),+86-895
Changfeng - Anhui,+86-551
Changji - Xinjiang,+86-994
Changle - Fujian,+86-591
Changsha - Hunan,+86-731
Changshu - Jiangsu,+86-512
Changye - Shanxi,+86-355
Changzhou - Jiangsu,+86-519
Chaozhou - Guangdong,+86-7681
Chengde - Hebei,+86-314
Chengdu - Sichuan,+86-28
Chifeng - Nei Mongol,+86-476
Chongqing - Chongqing,+86-23
Chuxiong - Yunnan,+86-878
Cixi - Zhejiang,+86-574
Conghua - Guangdong,+86-20
Da-tong - Qinghai,+86-971
Dali - Yunnan,+86-872
Dalian - Liaoning,+86-411
Dandong - Liaoning,+86-415
Danyang - Jiangsu,+86-5211
Daqing - Heilongjiang,+86-459
Datong - Shanxi,+86-352
Dezhou - Shandong,+86-534
Dinxi - Gansu,+86-932
Dinyuan - Anhui,+86-5604
Dongfang - Hainan,+86-8003
Dongwan - Guangdong,+86-7620
Dongyang - Zhejiang,+86-579
Dujiangyan - Sichuan,+86-8236
Dunhua - Jilin,+86-4435
Dunhuang - Gansu,+86-9473
Erlianhaote - Nei Mongol,+86-4813
Erlunchun - Nei Mongol,+86-4803
Ezhou - Hubei,+86-711
Fanyu - Guangdong,+86-20
Fenghua - Zhejiang,+86-574
Fenghuang - Hunan,+86-7480
Fengzhen - Nei Mongol,+86-4841
Fenjie - Sichuan,+86-8286
Fenqiu - Henan,+86-3836
Fenyang - Shanxi,+86-3602
Foshan - Guangdong,+86-757
Fu-an - Fujian,+86-593
Fu-zhou - Jiangxi,+86-794
Fumin - Yunnan,+86-871
Fuopin - Shaanxi,+86-9263
Fushun - Liaoning,+86-413
Fuxin - Liaoning,+86-418
Fuyang - Zhejiang,+86-571
Fuzhou - Fujian,+86-591
Ganzhou - Jiangxi,+86-797
Gao-an - Jiangxi,+86-7056
Gaoyou - Jiangsu,+86-5247
Gejiu - Yunnan,+86-873
Germu - Qinghai,+86-979
Guang-an - Sichuan,+86-8269
Guangling - Shanxi,+86-3627
Guangning - Guangdong,+86-758
Guangzhou - Guangdong,+86-20
Guilin - Guangxi,+86-773
Guiyang - Guizhou,+86-851
Gulang - Gansu,+86-9453
Guliu - Xinjiang,+86-9097
Gutian - Fujian,+86-593
Guyang - Neimengu,+86-4823
Guyuan - Ningxia,+86-954
Haifeng - Guangdong,+86-7647
Haikou - Hainan,+86-898
Hailar - Nei Mongol,+86-470
Hailun - Heilongjiang,+86-4652
Haimen - Jiangsu,+86-5231
Haiyan - Zhejiang,+86-573
Hami - Xinjiang,+86-9022
Handan - Hebei,+86-310
Hangzhou - Zhejiang,+86-571
Hanning - Zhejiang,+86-573
Hanyang - Hubei,+86-7212
Hanzhong - Shaanxi,+86-916
Harbin - Heilongjiang,+86-451
Hechi - Guangxi,+86-778
Hefei - Anhui,+86-551
Hegang - Heilongjiang,+86-4618
Heishan - Liaoning,+86-416
Helan - Ningxia,+86-951
Hengyang - Hunan,+86-734
Henshan - Hunan,+86-7446
Heshuo - Xinjiang,+86-996
Hetian - Xinjiang,+86-9032
Heze - Shandong,+86-530
Hohhot - Nei Mongol,+86-471
Houma - Shanxi,+86-3651
Huachi - Gansu,+86-9447
Huai-an - Jiangsu,+86-517
Huaihua - Hunan,+86-7402
Huaiyuan - Anhui,+86-552
Huanglin - Shaanxi,+86-911
Huangmei - Hubei,+86-7238
Huangshanshi - Anhui,+86-559
Huangshi - Hubei,+86-714
Huangyan - Zhejiang,+86-576
Huaxian - Guangdong,+86-20
Huayin - Shaanxi,+86-9231
Hui-an - Fujian,+86-595
Huizhou - Guangdong,+86-752
Hunchun - Jilin,+86-4437
Hunjiang - Jilin,+86-439
Huocheng - Xinjiang,+86-9091
Huzhou - Zhejiang,+86-572
Ji-an - Jiangxi,+86-796
Ji-lin - Jilin,+86-432
Ji-ning - Nei Mongol,+86-474
Jiamusi - Heilongjiang,+86-454
Jiangdu - Jiangsu,+86-5244
Jiangjin - Sichuan,+86-8221
Jiangling - Hubei,+86-716
Jiangmen - Guangdong,+86-750
Jiangyin - Jiangsu,+86-5217
Jiangyou - Sichuan,+86-8244
JianOu - Fujian,+86-599
Jiaozhou - Shandong,+86-5422
Jiaozuo - Henan,+86-391
Jiaxin - Zhejiang,+86-573
Jiayuguan - Gansu,+86-9477
Jinan - Shandong,+86-531
Jingangshan - Jiangxi,+86-7060
Jingdezhen - Jiangxi,+86-798
Jinhua - Zhejiang,+86-579
Jining - Shandong,+86-537
Jinmen - Hubei,+86-724
Jinsha - Guizhou,+86-8676
Jinxi - Liaoning,+86-429
Jinxian - Jiangxi,+86-791
Jinyuan - Gansu,+86-9467
Jinzhou - Liaoning,+86-416
Jiujiang - Jiangxi,+86-792
Jiuquan - Gansu,+86-937
Jixi - Heilongjiang,+86-4617
Jiyang - Shandong,+86-5448
Jiyuan - Henan,+86-391
Julu - Hebei,+86-3276
Juye - Shandong,+86-5401
Kaifeng - Henan,+86-378
Kaihua - Zhejiang,+86-570
Kaili - Guizhou,+86-855
Kaiyuan - Liaoning,+86-410
Kangdin - Sichuan,+86-836
Kashi - Xinjiang,+86-998
Kelamayi - Xinjiang,+86-990
Kuitun - Xinjiang,+86-992
Kunming - Yunnan,+86-871
Kunshan - Jiangsu,+86-512
Kurle - Xinjiang,+86-996
Lai-yang - Shandong,+86-5427
Laiyang - Hunan,+86-7442
Lankao - Henan,+86-3881
Lanxi - Zhejiang,+86-579
Lanzhou - Gansu,+86-931
Leshan - Sichuan,+86-833
Lhasa - Xizang (Tibet),+86-891
Liancheng - Fujian,+86-597
Liangcheng - Nei Mongol,+86-4848
Lianyungang - Jiangsu,+86-518
Liaoyang - Liaoning,+86-419
Liaoyuan - Jilin,+86-437
Lijiangshi - Yunnan,+86-8891
Lijin - Shandong,+86-5430
Lin-an - Zhejiang,+86-571
Linfen - Shanxi,+86-357
Linhai - Zhejiang,+86-576
Lintong - Shaanxi,+86-29
Linxi - Neimengu,+86-4868
Linyi - Shandong,+86-539
Linzhi - Xizang (Tibet),+86-894
Liujiang - Guangxi,+86-772
Liuyang - Hunan,+86-731
Liuzhou - Guangxi,+86-772
Longquan - Zhejiang,+86-5885
Longxi - Gansu,+86-9421
Luntai - Xinjiang,+86-996
Luoyang - Henan,+86-379
Lushanshi - Jiangxi,+86-792
Ma-anshan - Anhui,+86-555
Machen - Hubei,+86-7232
Mangkang - Xizang,+86-8054
Manzhouli - Nei Mongol,+86-4812
Maomin - Guangdong,+86-7683
Meishan - Sichuan,+86-8425
Meizhou - Guangdong,+86-753
Mianyang - Sichuan,+86-816
Minhou - Fujian,+86-591
Miquan - Xinjiang,+86-9041
Mohe - Heilongjiang,+86-457
Mudanjiang - Heilongjiang,+86-467
Nanchang - Jiangxi,+86-791
Nanfeng - Jiangxi,+86-7048
Nanjing - Jiangsu,+86-25
Nanning - Guangxi,+86-771
Nantong - Jiangsu,+86-513
Nanyang - Henan,+86-377
Nenjiang - Heilongjiang,+86-4665
Ningbo - Zhejiang,+86-574
Ningcheng - Nei Mongol,+86-4862
Ningguo - Anhui,+86-5639
Ninghua - Fujian,+86-598
Nnchong - Sichuan,+86-817
Panzhihua - Sichuan,+86-812
Peilin - Sichuan,+86-810
Penglai - Shandong,+86-5457
Pindinshan - Henan,+86-375
Ping-xiang - Jiangxi,+86-799
Pingliang - Gansu,+86-933
Pingxiang - Guangxi,+86-7815
Pinle - Guangxi,+86-7847
Putian - Fujian,+86-594
Qidong - Jiangsu,+86-5232
Qin-an - Gansu,+86-938
Qingdao - Shandong,+86-532
Qinhuangdao - Hebei,+86-335
Qiongshan - Hainan,+86-898
Qiqihar - Heilongjiang,+86-452
Qitai - Xinjiang,+86-994
Quanzhou - Fujian,+86-595
Qufu - Shandong,+86-5473
Qujiang - Guangdong,+86-751
Renqiu - Hebei,+86-3420
Rikeze - Xizang (Tibet),+86-892
Rongxian - Guangxi,+86-775
Ruijin - Jiangxi,+86-7077
Ruili - Yunnan,+86-8885
Runan - Henan,+86-3013
Sanmen - Zhejiang,+86-576
Sanmenxia - Henan,+86-3891
Sanya - Hainan,+86-898
Shangdu - Nei Mongol,+86-4843
Shanggao - Jiangxi,+86-7051
Shanghai - Shanghai,+86-21
Shangqiu - Henan,+86-370
Shangrao - Jiangxi,+86-793
Shangzhou - Shaanxi,+86-914
Shantou - Guangdong,+86-754
Shaoguan - Guangdong,+86-751
Shaoshan - Hunan,+86-732
Shaoxing - Zhejiang,+86-575
Shaoyang - Hunan,+86-739
Shenmu - Shaanxi,+86-9229
Shenyang - Liaoning,+86-24
Shenzhen - Guangdong,+86-755
Shihezi - Xinjiang,+86-993
Shijiazhuang - Hebei,+86-311
Shimen - Hunan,+86-7462
Shimian - Sichuan,+86-8437
Shishi - Fujian,+86-595
Shiyan - Hubei,+86-719
Shuangcheng - Heilongjiang,+86-4615
Siping - Jilin,+86-434
Sishui - Shandong,+86-5483
Songyuan - Jilin,+86-438
Suifenhe - Heilongjiang,+86-4638
Suzhou - Jiangsu,+86-512
Tacheng - Xinjiang,+86-9003
Tai-an - Shandong,+86-538
Tai-hu - Anhui,+86-556
Taicang - Jiangsu,+86-512
Taiyuan - Shanxi,+86-351
Taizhou - Jiangsu,+86-5241
Tangshan - Hebei,+86-315
Tianjin - Tianjin,+86-22
Tianshui - Gansu,+86-938
Tiantai - Zhejiang,+86-576
Tongchuan - Shaanxi,+86-919
Tongguan - Shaanxi,+86-9233
Tonghua - Jilin,+86-435
Tongliao - Nei Mongol,+86-475
Tongling - Anhui,+86-5612
Tongren - Guizhou,+86-856
Tumen - Jilin,+86-4436
Tuquan - Neimengu,+86-4858
Turufan - Xinjiang,+86-995
Urumqi - Xinjiang,+86-991
Wanxian - Sichuan,+86-819
Weifang - Shandong,+86-536
Weili - Xinjiang,+86-996
Weinan - Shaanxi,+86-913
Wenshan - Yunnan,+86-876
Wenzhou - Zhejiang,+86-577
Wuchuan - Nei Mongol,+86-4817
Wudu - Gansu,+86-939
Wuhai - Nei Mongol,+86-473
Wuhan - Hubei,+86-27
Wuhu - Anhui,+86-553
Wulanhaote - Nei Mongol,+86-4814
Wuwei - Gansu,+86-935
Wuxi - Jiangsu,+86-510
Wuxian - Jiangsu,+86-512
Wuxue - Hubei,+86-7239
Wuyishan - Fujian,+86-599
Wuyuan - Neimengu,+86-4881
Xi-feng - Gansu,+86-934
Xi'an - Shaanxi,+86-29
Xiamen - Fujian,+86-592
Xiangfan - Hubei,+86-710
Xiangtan - Hunan,+86-732
Xianju - Zhejiang,+86-576
Xianyang - Shaanxi,+86-910
Xichang - Sichuan,+86-834
Xifeng - Guizhou,+86-8638
Xin-tai - Shandong,+86-5482
Xingguo - Jiangxi,+86-7073
Xinhui - Guangdong,+86-750
Xining - Qinghai,+86-971
Xinmin - Liaoning,+86-24
Xintai - Hebei,+86-319
Xinxiang - Henan,+86-373
Xinyi - Guizhou,+86-859
Xinyu - Jiangxi,+86-790
Xinyuan - Xinjiang,+86-9096
Xuanhua - Hebei,+86-313
Xuchang - Henan,+86-374
Xuejiawan - Nei Mongol,+86-477
Xuzhou - Jiangsu,+86-516
Ya-an - Sichuan,+86-835
Yan-an - Shaanxi,+86-911
Yancheng - Jiangsu,+86-515
Yangpu - Hainan,+86-890
Yangquan - Shanxi,+86-353
Yangzhou - Jiangsu,+86-514
Yanji - Jilin,+86-433
Yanjin - Henan,+86-3832
Yantai - Shandong,+86-535
Yi-chun - Jiangxi,+86-795
Yi-yang - Hunan,+86-737
Yibin - Sichuan,+86-831
Yichun - Heilongjiang,+86-4652
Yimin - Nei Mongol,+86-4890
Yinchuan - Ningxia,+86-951
Yingkou - Liaoning,+86-417
Yingtan - Jiangxi,+86-7032
Yining - Xinjiang,+86-999
Yishui - Shandong,+86-5492
Yiwu - Zhejiang,+86-579
Yixin - Jiangsu,+86-5218
Yiyang - Jiangxi,+86-7038
Yongchuan - Sichuan,+86-814
Yongfu - Guangxi,+86-7848
Yongxiu - Jiangxi,+86-792
Yu-shu - Jilin,+86-4415
Yuanmou - Yunnan,+86-8869
Yueyang - Hunan,+86-730
Yuhang - Zhejiang,+86-571
Yulin - Shaanxi,+86-912
Yumen - Gansu,+86-9471
Yushu - Qinghai,+86-976
Yuxi - Yunnan,+86-877
Yuyao - Zhejiang,+86-574
Yuzhong - Gansu,+86-9440
Zhangjiagang - Jiangsu,+86-512
Zhangjiakou - Hebei,+86-313
Zhangshu - Jiangxi,+86-7052
Zhangzhou - Fujian,+86-596
Zhanjiang - Guangdong,+86-759
Zhengzhou - Henan,+86-371
Zhenjiang - Jiangsu,+86-511
Zhicheng - Hubei,+86-27
Zhijiang - Hunan,+86-7420
Zhongshan - Guangdong,+86-760
Zhuhai - Guangdong,+86-756
Zhumadian - Henan,+86-3011
Zhunger - Nei Mongol,+86-4873
Zhuzhou - Hunan,+86-733
Zibo - Shandong,+86-533
Zigong - Sichuan,+86-813
Zigui - Hubei,+86-7278
Ziyuan - Guangxi,+86-7852
Zunhua - Hebei,+86-315
Zunyi - Guizhou,+86-852
,Christmas Island does not use city codes.
,Cocos (Kelling) Island does not use city codes.
Armenia,+57-6
Barranquilla,+57-5
Bogota,+57-1
Bucaramanga,+57-7
Cali,+57-2
Cartagena,+57-5
Cucuta,+57-7
Ibague,+57-8
Manizales,+57-6
Medellin,+57-4
Mobile Phones - Comcel,+57-310+57-311+57-312
Mobile Phones - Movistar,+57-315+57-316
Mobile Phones - Ola,+57-300+57-301
Neiva,+57-8
Palmira,+57-2
Pereira,+57-6
Santa Marta,+57-5
Villavicencio,+57-8
,Comoros does not use city codes.
Aitutaki,+682-31+682-32
Atiu,+682-33
Mangaia,+682-34
Manihiki,+682-43
Mauke,+682-35
Mitiaro,+682-36
Nassau,+682-45
Palmerston,+682-37
Penrhyn,+682-42
Pukapuka,+682-41
Rakahanga,+682-44
Rarotonga,+682-2
,Costa Rica does not use city codes.
Bjelovar,+385-43
Cakovec,+385-40
Dubrovnik,+385-20
Gospic,+385-53
Karlovac,+385-47
Koprivnica,+385-48
Krapina,+385-49
Mobile Phones - T-Mobile,+385-98+385-99
Mobile Phones - Tele 2,+385-95
Mobile Phones - VIP,+385-91+385-92
Osijek,+385-31
Pazin,+385-52
Pozega,+385-34
Rijeka,+385-51
Sibenik,+385-22
Sisak,+385-44
Slavonski Brod,+385-35
Split,+385-21
Varazdin,+385-42
Vinkovci,+385-32
Virovitica,+385-33
Zadar,+385-23
Zagreb,+385-1
Abreus,+53-43
Aguacate,+53-64
Aguada de Pasajeros,+53-43
Alquízar,+53-67
Alto Cedro,+53-24
Amancio,+53-31
Antilla,+53-24
Artemisa,+53-63
Baguanos,+53-24
Bahia Honda,+53-86
Banes,+53-24
Baragua,+53-33
Bartle,+53-31
Bartolome Maso,+53-23
Batabanó,+53-62
Batalla de Las Guasimas,+53-32
Bauta,+53-680
Bayamo,+53-23
Bejucal,+53-66
Biran,+53-24
Boca de Jaruco,+53-6929
Bolivia,+53-33
Brasil,+53-32
Buey Arriba,+53-23
Cabañas,+53-63
Cacocum,+53-24
Caimito del Guayabal,+53-680
Calimete,+53-5
Calixto Garcia,+53-24
Camagüey,+53-32
Camalote,+53-32
Camarioca,+53-5
Camilo Cienfuegos,+53-692
Camino,+53-61
Campechuela,+53-23
Canasí,+53-6929
Candelaria,+53-85
Candido Gonzalez,+53-32
Cárdenas,+53-45
Cascorro,+53-32
Catalina de Güines,+53-62
Cauto Cristo,+53-23
Cayo Coco,+53-33
Cayo Largo,+53-5
Ceba Mocha,+53-5
Ceballos,+53-33
Ceiba Nuevo,+53-680
Cespedes,+53-32
Chambas,+53-33
Chile,+53-22
Cidra,+53-5
Ciego de Ávila,+53-33
Ciénaga de Zapata,+53-59
Cienfuegos,+53-432
Ciro Redondo,+53-33
Colombia,+53-31
Colón,+53-5
Communidad Pueblo Nuevo,+53-32
Consolación del Sur,+53-8
Contramaestre,+53-22
Cortés,+53-84
Cristino Naranjo,+53-24
Cueto,+53-24
Delicias,+53-315
Dos Caminos de San Luis,+53-22
El Cobre,+53-22
El Cristo,+53-22
Enrique Varona,+53-33
Entronque de Herradura,+53-8
Esmeralda,+53-32
Felton,+53-24
Florencia,+53-33
Florida,+53-32
Floro Perez,+53-24
Frank Pais,+53-24
Gaspar,+53-33
Gibara,+53-24
Gramma,+53-23
Guaimaro,+53-32
Guanajay,+53-686
Guane,+53-84
Guantánamo,+53-21
Guardalavaca,+53-24
Guaro,+53-24
Guatemala,+53-24
Guayabal,+53-31
Guayacanas,+53-33
Güines,+53-62
Güira de Melena,+53-67
Guisa,+53-23
Haiti,+53-32
Havana (Ciudad La Habana),+53-7
Holguín,+53-24
Imias,+53-32
Isabel Rubio,+53-84
Isla de la Juventud,+53-61
Jagüey Grande,+53-59
Jaruco,+53-64
Jiguani,+53-23
Jimaguayu,+53-32
Jobabo,+53-31
Jovellanos,+53-5
Jucaro,+53-33
Julio Antonio Mella,+53-225
La Boca,+53-31
La Coloma,+53-8
La Demajagua,+53-61
La Fé,+53-61
La Jagua,+53-32
La Palma,+53-8
La Reforma,+53-61
La Salud,+53-66
La Victoria,+53-61
Las Martinas,+53-84
Las Mercedes,+53-23
Las Ovas,+53-8
Las Parras,+53-31
Las Tunas,+53-31
Limonar,+53-5
Lopez Peña,+53-85
Los Angeles,+53-32
Los Palacios,+53-8
Los Reynaldos,+53-22
Lugareño,+53-32
Mabay,+53-23
Maceo,+53-24
Madruga,+53-64
Majagua,+53-33
Majibacoa,+53-31
Manati,+53-31
Mangos de Baragua,+53-225
Mantua,+53-84
Manzanillo,+53-23
Marcane,+53-24
Marea de Portillo,+53-23
Mariel,+53-63
Martí,+53-5
Matanzas,+53-52
Maximo Gomez,+53-5+53-33
Mayari,+53-24
Media Luna,+53-23
Melena del Sur,+53-62
Menendez,+53-31
Minas,+53-32
Minas de Matahumbre,+53-8
Mir,+53-24
Miraflores,+53-338
Moa,+53-24
MOBILE PHONES,+53-789
Moron,+53-335
Najasa,+53-32
Neuvitas,+53-32
Nicaragua,+53-32
Nicaro-Levisa,+53-24
Niquero,+53-23
Nueva,+53-62
Nueva Gerona,+53-61
Nueva Paz,+53-62
Omaja,+53-31
Orlando Gonzalez,+53-33
Pablo de Torriente,+53-86
Palma Soriano,+53-225
Pedro Betancourt,+53-5
Peralejo,+53-23
Pilon,+53-23
Pinar del Río,+53-82
Playa Baracoa,+53-680
Playa Garón,+53-5
Playa Santa Lucia,+53-32
Primero de Enero,+53-33
Puerto Esperanza,+53-8
Puerto Marti,+53-31
Puerto Padre,+53-31
Quivicán,+53-67
Rafael Freyre,+53-24
Rio Cauto,+53-23
Rodolfo Ramirez Esquivel,+53-32
Ruta Invasora,+53-33
Sábalo,+53-84
Sagua de Tanamo,+53-24
San Andres,+53-24
San Antonio,+53-32+53-64+53-650
San Antonio de Las Vegas,+53-64
San Antonio de Los Baños,+53-650
San Jose de Las Lajas,+53-64
San Juan y Martínez,+53-8
San Luis,+53-8
San Nicolás de Bari,+53-62
Sancti Spiritus,+53-41
Sanguili,+53-33
Santa Cruz del Norte,+53-692
Santa Cruz del Sur,+53-32
Santiago de Cuba,+53-226
Sibanicu,+53-32
Siboney,+53-32
Silvio Caro,+53-63
Sola,+53-32
Tacajo,+53-24
Tamarindo,+53-33
Tapaste,+53-64
Unión de Reyes,+53-5
Urbano Noris,+53-24
Varadero,+53-5
Vasquez,+53-31
Velasco,+53-24
Venezuela,+53-33
Vertientes,+53-32
Villa Clara,+53-42
Viñales,+53-8
Yado del Yeso,+53-23
Yara,+53-23
Yarual,+53-338
